[
	{
        "Werewolf": 1,
        "Hunter": 1
    },
	{
		"Guard": 1,
		"Werewolf": 1,
		"Villager": 1
	},
	{
		"Guard": 1,
		"Werewolf": 1,
		"Hunter": 1,
		"FortuneTeller": 1
	},
	{
        "FortuneTeller": 1,
        "Guard": 1,
        "Werewolf": 1,
        "Hunter": 1,
		"Villager": 1
    },
    {
        "FortuneTeller": 1,
        "Guard": 1,
        "Werewolf": 2,
        "Villager": 1,
        "Hunter": 1
    },
	{
        "FortuneTeller": 1,
        "Werewolf": 2,
        "Hunter": 1,
		"Guard": 1,
		"Villager": 1
    },
	{
        "FortuneTeller": 2,
        "Werewolf": 3,
        "Hunter": 1,
		"Guard": 1
    },
	{
        "FortuneTeller": 1,
        "Guard": 1,
        "Werewolf": 2,
        "Villager": 4,
        "Hunter": 0
    },
    {
        "FortuneTeller": 1,
        "Guard": 1,
        "Werewolf": 3,
        "Villager": 3,
        "Hunter": 1
    }
]
